Date,BTC Open,BTC Close,ETH Open,ETH Close,LTC Open,LTC Close,XRP Open,XRP Close,USDT Open,USDT Close
1/3/2020,7335.05,7551.26,133.72,135.59,41.53,42.33,0.1971,0.2006,0.997,0.9984
1/2/2020,7538.05,7335.05,136.78,133.72,43.45,41.53,0.2024,0.1971,0.997,0.997
1/1/2020,7493.73,7538.05,134.85,136.78,43.08,43.45,0.2008,0.2024,0.9963,0.997
12/31/2019,7537.49,7493.73,136.77,134.85,44.07,43.08,0.2006,0.2008,0.9966,0.9963
12/30/2019,7680.49,7537.49,139.51,136.77,44.86,44.07,0.2049,0.2006,0.9988,0.9966
12/29/2019,7645.68,7680.49,133.94,139.51,44.71,44.86,0.2024,0.2049,0.9979,0.9987
12/28/2019,7595,7645.68,132.64,133.94,42.99,44.71,0.1989,0.2024,0.9987,0.9979
12/27/2019,7596.96,7595,132.31,132.64,41.91,42.99,0.2,0.1989,0.9986,0.9987
12/26/2019,7578.7,7596.96,131.03,132.31,42.07,41.91,0.1967,0.2,0.9986,0.9986
12/25/2019,7594.43,7578.7,133.84,131.03,42.13,42.07,0.1996,0.1967,0.9992,0.9986
12/24/2019,7638,7594.43,133.23,133.84,42.42,42.13,0.1975,0.1996,0.9996,0.9992
12/23/2019,7843.8,7638,138.01,133.23,43.65,42.42,0.206,0.1975,1.0006,0.9996
12/22/2019,7494.5,7843.8,133.32,138.01,41.61,43.65,0.2005,0.206,1.0004,1.0006
12/21/2019,7525.93,7494.5,134.29,133.32,41.97,41.61,0.2041,0.2005,1.0003,1.0004
12/20/2019,7526.66,7525.93,134.54,134.29,41.84,41.97,0.1973,0.2041,0.9997,1.0003
12/19/2019,7708,7526.66,140.2,134.54,43.08,41.84,0.2073,0.1973,1.0011,0.9997
12/18/2019,7028.96,7708,130.04,140.2,39.23,43.08,0.194,0.2073,0.9987,1.0011
12/17/2019,7305.62,7028.96,140.31,130.04,42.26,39.23,0.2171,0.194,0.9983,0.9989
12/16/2019,7463.68,7305.62,149.5,140.31,45.62,42.26,0.2278,0.2171,0.9993,0.9983
12/15/2019,7439.07,7463.68,148.95,149.5,45.61,45.62,0.2274,0.2278,0.9996,0.9993
12/14/2019,7573.24,7439.07,151.1,148.95,46.29,45.61,0.2303,0.2274,0.9993,0.9996
12/13/2019,7521.83,7573.24,151.75,151.1,45.64,46.29,0.228,0.2303,0.9987,0.9993
12/12/2019,7518.57,7521.83,149.09,151.75,45.46,45.64,0.2301,0.228,0.9991,0.9987
12/11/2019,7524.29,7518.57,151.39,149.09,45.74,45.46,0.2311,0.2301,0.9996,0.9991
12/10/2019,7633.94,7524.29,152.99,151.39,46.25,45.74,0.2325,0.2311,0.9992,0.9996
12/9/2019,7782.49,7633.94,155.53,152.99,47.08,46.25,0.2367,0.2325,1.0017,0.9992
12/8/2019,7786.41,7782.49,152.69,155.53,46.95,47.08,0.2354,0.2367,1.0015,1.0017
12/7/2019,7810.25,7786.41,153.52,152.69,46.92,46.95,0.2328,0.2354,1.0014,1.0015
12/6/2019,7652.99,7810.25,152.81,153.52,46.38,46.92,0.2282,0.2328,1.0004,1.0014
12/5/2019,7505.85,7652.99,150.77,152.81,46.43,46.38,0.2222,0.2282,1,1.0004
12/4/2019,7614.53,7505.85,153.59,150.77,46.77,46.43,0.2299,0.2222,1.0011,1
12/3/2019,7642.92,7614.53,155.78,153.59,47.65,46.77,0.23,0.2299,1.0014,1.0011
12/2/2019,7734.33,7642.92,157.47,155.78,49.66,47.65,0.2346,0.23,1.0012,1.0014
12/1/2019,7857.98,7734.33,158.01,157.47,49.17,49.66,0.2345,0.2346,1.001,1.0012
11/30/2019,8007.56,7857.98,159.7,158.01,50.41,49.17,0.2378,0.2345,1.0009,1.001
11/29/2019,7742.98,8007.56,156.82,159.7,48.76,50.41,0.2333,0.2378,1.0014,1.0009
11/28/2019,7820.31,7742.98,158.68,156.82,49.6,48.76,0.2337,0.2333,1.0007,1.0014
11/27/2019,7480,7820.31,153.6,158.68,49.1,49.6,0.2299,0.2337,1.001,1.0007
11/26/2019,7505.4,7480,153.7,153.6,48.08,49.1,0.2298,0.2299,1.001,1.001
11/25/2019,7377.69,7505.4,149.23,153.7,46.93,48.08,0.2354,0.2298,1.0008,1.001
11/24/2019,7801.78,7377.69,161.78,149.23,51.18,46.93,0.2491,0.2354,1.0012,1.0008
11/23/2019,7710.38,7801.78,158.43,161.78,50.15,51.18,0.2435,0.2491,1.0011,1.0012
11/22/2019,7975.45,7710.38,168.12,158.43,52.92,50.15,0.2544,0.2435,0.9984,1.0011
11/21/2019,8356.28,7975.45,180.67,168.12,56.86,52.92,0.2588,0.2544,0.9982,0.9984
11/20/2019,8461.79,8356.28,182.64,180.67,57.15,56.86,0.2644,0.2588,0.9985,0.9982
11/19/2019,8521,8461.79,185.29,182.64,58.3,57.15,0.2618,0.2644,0.998,0.9988
11/18/2019,8792,8521,189.75,185.29,61.11,58.3,0.2721,0.2618,0.9999,0.998
11/17/2019,8774.37,8792,188.76,189.75,60.02,61.11,0.2709,0.2721,0.9994,0.9999
11/16/2019,8747.81,8774.37,186.44,188.76,59.56,60.02,0.2689,0.2709,0.999,0.9994
11/15/2019,8903.94,8747.81,190.05,186.44,60.76,59.56,0.2762,0.2689,0.9986,0.999
11/14/2019,9025.99,8903.94,193.45,190.05,62.74,60.76,0.2787,0.2762,0.998,0.9986
11/13/2019,9049,9025.99,191.4,193.45,62.74,62.74,0.2787,0.2787,0.9992,0.998
11/12/2019,8961.37,9049,189.11,191.4,63.51,62.74,0.2811,0.2787,0.9985,0.9992
11/11/2019,9234.61,8961.37,192.64,189.11,64.96,63.51,0.2843,0.2811,0.9998,0.9985
11/10/2019,9035.16,9234.61,189.13,192.64,63.36,64.96,0.2858,0.2843,0.9995,0.9998
11/9/2019,9008.33,9035.16,188.29,189.13,61.7,63.36,0.2817,0.2858,0.9988,0.9995
11/8/2019,9343,9008.33,189.21,188.29,62.26,61.7,0.2946,0.2817,0.9992,0.9988
11/7/2019,9393.69,9343,191.68,189.21,63.91,62.26,0.3103,0.2946,0.9998,0.9992
11/6/2019,9360.37,9393.69,189.47,191.68,63.13,63.91,0.3014,0.3103,1.001,0.9998
11/5/2019,9461.18,9360.37,187.01,189.47,61.71,63.13,0.3015,0.3014,1.0017,1.001
11/4/2019,9303.77,9461.18,184.3,187.01,58.95,61.71,0.2942,0.3015,1.0008,1.0017
11/3/2019,9384.05,9303.77,184.94,184.3,58.93,58.95,0.2979,0.2942,1.0011,1.0008
11/2/2019,9333.89,9384.05,184.94,184.94,58.91,58.93,0.2948,0.2979,1.001,1.0011
11/1/2019,9240.74,9333.89,184.28,184.94,59.14,58.91,0.298,0.2948,1.0007,1.001
10/31/2019,9243.48,9240.74,184.16,184.28,58.47,59.14,0.2971,0.298,1.0011,1.0007
10/30/2019,9416.38,9243.48,190.53,184.16,60,58.47,0.3025,0.2971,1.0019,1.0011
10/29/2019,9254.73,9416.38,182.74,190.53,58.08,60,0.2965,0.3025,1.0018,1.0019
10/28/2019,9560.93,9254.73,184.14,182.74,59.95,58.08,0.2989,0.2965,1.0025,1.0018
10/27/2019,9283.85,9560.93,179.75,184.14,57.04,59.95,0.2953,0.2989,1.0031,1.0025
10/26/2019,8871.09,9283.85,185.54,179.75,58.21,57.04,0.3053,0.2953,1.0009,1.0031
10/25/2019,7789.01,8871.09,168.27,185.54,51.92,58.21,0.2898,0.3053,1.0014,1.0009
10/24/2019,7841.04,7789.01,170.32,168.27,51.92,51.92,0.2862,0.2898,1.0003,1.0014
10/23/2019,8268.25,7841.04,176.12,170.32,54.96,51.92,0.2995,0.2862,1.0007,1.0003
10/22/2019,8450.06,8268.25,179.07,176.12,56.21,54.96,0.3008,0.2995,1.0017,1.0007
10/21/2019,8460.12,8450.06,180.39,179.07,56.45,56.21,0.3031,0.3008,1.0013,1.0017
10/20/2019,8228.87,8460.12,177.82,180.39,55.55,56.45,0.3013,0.3031,1.0007,1.0013
10/19/2019,8227.1,8228.87,178.94,177.82,54.98,55.55,0.3041,0.3013,1.0008,1.0007
10/18/2019,8326.69,8227.1,182.39,178.94,56.43,54.98,0.3105,0.3041,1.0004,1.0008
10/17/2019,8246.69,8326.69,180.27,182.39,54.14,56.43,0.293,0.3105,1,1.0004
10/16/2019,8380.77,8246.69,185.16,180.27,56.01,54.14,0.296,0.293,1.0003,1
10/15/2019,8564.69,8380.77,191.5,185.16,58.26,56.01,0.3048,0.296,1.0005,1.0003
10/14/2019,8552.77,8564.69,186.49,191.5,57.94,58.26,0.2865,0.3048,1.0001,1.0005
10/13/2019,8535.13,8552.77,184.74,186.49,57.29,57.94,0.2793,0.2865,1.0006,1.0001
10/12/2019,8451.11,8535.13,184.1,184.74,56.78,57.29,0.273,0.2793,1.0006,1.0006
10/11/2019,8676.26,8451.11,193.3,184.1,58.21,56.78,0.2738,0.273,1.003,1.0006
10/10/2019,8626.65,8676.26,194.48,193.3,59.6,58.21,0.2829,0.2738,1.0015,1.003
10/9/2019,8312.79,8626.65,183.86,194.48,58.03,59.6,0.2816,0.2829,1.0008,1.0015
10/8/2019,8432.7,8312.79,185.19,183.86,59.13,58.03,0.2841,0.2816,1.002,1.0008
10/7/2019,8155.73,8432.7,176.79,185.19,56.71,59.13,0.2643,0.2841,1.001,1.002
10/6/2019,8382.1,8155.73,181.04,176.79,58.29,56.71,0.2608,0.2643,1.0021,1.001
10/5/2019,8413.91,8382.1,181.06,181.04,58.24,58.29,0.2602,0.2608,1.0019,1.0021
10/4/2019,8493.48,8413.91,180.46,181.06,58.2,58.24,0.2546,0.2602,1.0022,1.0019
10/3/2019,8632.85,8493.48,185.77,180.46,58.19,58.2,0.2606,0.2546,1.0023,1.0022
10/2/2019,8581.54,8632.85,181.74,185.77,57.56,58.19,0.2565,0.2606,1.0027,1.0023
10/1/2019,8544.62,8581.54,186.33,181.74,57.77,57.56,0.2646,0.2565,1.0022,1.0027
9/30/2019,8328.39,8544.62,175.44,186.33,55.85,57.77,0.2483,0.2646,1.0009,1.0022
9/29/2019,8495.44,8328.39,179.29,175.44,57.17,55.85,0.25,0.2483,1.0013,1.0009
9/28/2019,8433.72,8495.44,178.86,179.29,57.58,57.17,0.2491,0.25,1.002,1.0013
9/27/2019,8287.78,8433.72,170.52,178.86,56.68,57.58,0.2493,0.2491,0.9999,1.002
9/26/2019,8671.22,8287.78,174.93,170.52,59.21,56.68,0.2531,0.2493,1.0005,0.9999
9/25/2019,8886.07,8671.22,173.56,174.93,57.02,59.21,0.2438,0.2531,1.0028,1.0005
9/24/2019,9937.4,8886.07,206.02,173.56,68.33,57.02,0.2746,0.2438,0.9993,1.0028
9/23/2019,10228.06,9937.4,214.94,206.02,73.64,68.33,0.2814,0.2746,0.9999,0.9993
9/22/2019,10172.63,10228.06,219.21,214.94,74.38,73.64,0.2947,0.2814,0.9998,0.9999
9/21/2019,10334.01,10172.63,221.49,219.21,76.26,74.38,0.2987,0.2947,1,0.9998
9/20/2019,10400.14,10334.01,224.04,221.49,77.83,76.26,0.3057,0.2987,1.0025,1
9/19/2019,10302.86,10400.14,213.37,224.04,79,77.83,0.3173,0.3057,1.0002,1.0025
9/18/2019,10342.82,10302.86,210.87,213.37,75.09,79,0.2894,0.3173,1.0006,1.0002
9/17/2019,10374.25,10342.82,199.11,210.87,73.39,75.09,0.2641,0.2894,1.0017,1.0006
9/16/2019,10412.85,10374.25,191.6,199.11,70.94,73.39,0.2632,0.2641,1.001,1.0017
9/15/2019,10475.09,10412.85,189.82,191.6,71.44,70.94,0.265,0.2632,1.0024,1.001
9/14/2019,10467,10475.09,182.89,189.82,69.78,71.44,0.2582,0.265,1.0021,1.0024
9/13/2019,10553.28,10467,183.24,182.89,70.18,69.78,0.2583,0.2582,1.0014,1.0021
9/12/2019,10336.47,10553.28,181.28,183.24,70.93,70.18,0.2598,0.2583,1.0008,1.0014
9/11/2019,10292.12,10336.47,183.1,181.28,71.93,70.93,0.2633,0.2598,0.9991,1.0008
9/10/2019,10475.23,10292.12,183.89,183.1,71.14,71.93,0.263,0.2633,1.0008,0.999
9/9/2019,10543.31,10475.23,183.84,183.89,71.4,71.14,0.2664,0.263,1.002,1.0008
9/8/2019,10644.25,10543.31,180.59,183.84,69.88,71.4,0.2645,0.2664,1.0018,1.002
9/7/2019,10473.64,10644.25,172.02,180.59,65.81,69.88,0.2547,0.2645,1.0009,1.0018
9/6/2019,10695.39,10473.64,175.9,172.02,65.99,65.81,0.2597,0.2547,1.0006,1.0009
9/5/2019,10678.71,10695.39,176.83,175.9,67.8,65.99,0.2613,0.2597,1.0014,1.0006
9/4/2019,10677.25,10678.71,179.53,176.83,69.3,67.8,0.2642,0.2613,1.0016,1.0014
9/3/2019,10446.19,10677.25,179.85,179.53,67.55,69.3,0.2636,0.2642,1.0027,1.0016
9/2/2019,9976.42,10446.19,174.91,179.85,67.82,67.55,0.2623,0.2636,1.0024,1.0026
9/1/2019,9878.36,9976.42,177.04,174.91,66.33,67.82,0.2656,0.2623,1.0002,1.0024
8/31/2019,9875.48,9878.36,173.79,177.04,66.47,66.33,0.263,0.2656,1.0001,1.0002
8/30/2019,9774.99,9875.48,173.95,173.79,65.94,66.47,0.2649,0.263,0.9991,1.0001
8/29/2019,10033.57,9774.99,178.56,173.95,68.9,65.94,0.2639,0.2649,0.9997,0.9991
8/28/2019,10318.14,10033.57,189.5,178.56,73.67,68.9,0.2732,0.2639,0.9987,0.9997
8/27/2019,10463.93,10318.14,190.6,189.5,74.43,73.67,0.2726,0.2732,0.9991,0.9987
8/26/2019,10364.88,10463.93,190.87,190.6,73.7,74.43,0.2761,0.2726,0.9999,0.9991
8/25/2019,10385.75,10364.88,195.12,190.87,75.1,73.7,0.2782,0.2761,1.0007,0.9999
8/24/2019,10581.6,10385.75,197.46,195.12,76.53,75.1,0.2811,0.2782,1.0015,1.0007
8/23/2019,10361.49,10581.6,195.78,197.46,75.43,76.53,0.2776,0.2811,1,1.0015
8/22/2019,10340.89,10361.49,191.17,195.78,74.7,75.43,0.2716,0.2776,0.9981,1
8/21/2019,10854.61,10340.89,198.64,191.17,75.98,74.7,0.2776,0.2716,1.0006,0.9981
8/20/2019,10967,10854.61,203.8,198.64,77.69,75.98,0.2843,0.2776,1.0003,1.0006
8/19/2019,10496.12,10967,197.67,203.8,77.69,77.69,0.2882,0.2843,1.0005,1.0003
8/18/2019,10424.22,10496.12,188.99,197.67,74.42,77.69,0.2709,0.2882,1.0004,1.0005
8/17/2019,10529.88,10424.22,188.69,188.99,76.08,74.42,0.2658,0.2709,1.0013,1.0004
8/16/2019,10479.22,10529.88,191.5,188.69,77.92,76.08,0.2696,0.2658,0.9997,1.0013
8/15/2019,10159.05,10479.22,189,191.5,76.78,77.92,0.2661,0.2696,0.9969,0.9997
8/14/2019,10936.91,10159.05,210.09,189,85.25,76.78,0.2982,0.2661,0.9969,0.9969
8/13/2019,11410.3,10936.91,211.94,210.09,85.88,85.25,0.3006,0.2982,0.9986,0.9969
8/12/2019,11571.14,11410.3,216.3,211.94,90.08,85.88,0.303,0.3006,0.9989,0.9986
8/11/2019,11332.29,11571.14,207.28,216.3,85.35,90.08,0.2991,0.303,0.9969,0.9986
8/10/2019,11885.95,11332.29,211.18,207.28,84.45,85.35,0.297,0.2991,0.9987,0.9969
8/9/2019,11986.99,11885.95,220.89,211.18,89.85,84.45,0.3076,0.297,0.999,0.9987
8/8/2019,11926.76,11986.99,224.55,220.89,90.37,89.85,0.3105,0.3076,0.9988,0.999
8/7/2019,11437.77,11926.76,225.19,224.55,92.82,90.37,0.3106,0.3105,0.9991,0.9988
8/6/2019,11741.49,11437.77,232.31,225.19,95.94,92.82,0.3205,0.3106,1,0.9991
8/5/2019,10945.73,11741.49,222.05,232.31,92.41,95.94,0.3178,0.3205,1.0028,1
8/4/2019,10802.52,10945.73,221.81,222.05,94.41,92.41,0.3151,0.3178,1.0006,1.0028
8/3/2019,10555.76,10802.52,218.37,221.81,94.97,94.41,0.3128,0.3151,1.0006,1.0006
8/2/2019,10420.81,10555.76,218.3,218.37,99.44,94.97,0.3167,0.3128,1.0016,1.0006
8/1/2019,10143,10420.81,219.17,218.3,99.38,99.44,0.3211,0.3167,1.0003,1.0016
7/31/2019,9726.65,10143,212.96,219.17,91.53,99.38,0.3222,0.3211,1.0008,1.0003
7/30/2019,9690.47,9726.65,214.72,212.96,92.05,91.53,0.3162,0.3222,0.9977,1.0008
7/29/2019,9725.86,9690.47,215.38,214.72,91.99,92.05,0.3182,0.3162,0.9999,0.9977
7/28/2019,9702.4,9725.86,211.16,215.38,90.34,91.99,0.3171,0.3182,0.9989,0.9999
7/27/2019,9949.35,9702.4,221.76,211.16,95.41,90.34,0.3277,0.3171,1.0012,0.9989
7/26/2019,9974.79,9949.35,221.28,221.76,94.44,95.41,0.317,0.3277,1,1.0012
7/25/2019,9944.27,9974.79,220.57,221.28,96.05,94.44,0.3217,0.317,1.0003,1
7/24/2019,10001,9944.27,215.43,220.57,91.65,96.05,0.3141,0.3217,1,1.0003
7/23/2019,10397.31,10001,218.37,215.43,95.78,91.65,0.323,0.3141,0.9985,1
7/22/2019,10642.95,10397.31,226.89,218.37,101.04,95.78,0.3316,0.323,1.0005,0.9985
7/21/2019,10750.5,10642.95,228.73,226.89,100.35,101.04,0.3344,0.3316,1.0019,1.0005
7/20/2019,10577.26,10750.5,222.08,228.73,98.87,100.35,0.3214,0.3344,1.0021,1.0019
7/19/2019,10651,10577.26,226.05,222.08,101.21,98.87,0.3218,0.3214,1.0029,1.0021
7/18/2019,9791.96,10651,213.14,226.05,90.99,101.21,0.3137,0.3218,1.0029,1.0029
7/17/2019,9563.5,9791.96,202.25,213.14,80.9,90.99,0.3004,0.3137,1.0002,1.0029
7/16/2019,11013.49,9563.5,232,202.25,92.07,80.9,0.3174,0.3004,1.0005,1.0002
7/15/2019,10321.49,11013.49,228.61,232,90.67,92.07,0.3081,0.3174,1.001,1.0005
7/14/2019,11419.3,10321.49,270.16,228.61,101.7,90.67,0.3333,0.3081,1.0018,1.001
7/13/2019,11851.91,11419.3,276.2,270.16,105.23,101.7,0.3472,0.3333,1.0036,1.0018
7/12/2019,11383.16,11851.91,269.13,276.2,103.48,105.23,0.3303,0.3472,1.0004,1.0036
7/11/2019,12143.4,11383.16,289.5,269.13,108.08,103.48,0.362,0.3303,0.9989,1.0004
7/10/2019,12425.4,12143.4,303.5,289.5,118.15,108.08,0.388,0.362,1.0019,0.9989
7/9/2019,12075,12425.4,306.01,303.5,121.33,118.15,0.3935,0.388,1.0036,1.0019
7/8/2019,11373.19,12075,302.75,306.01,118.83,121.33,0.394,0.3935,1.0049,1.0036
7/7/2019,11232.47,11373.19,288.36,302.75,118.63,118.83,0.3912,0.394,0.9996,1.0049
7/6/2019,10950.53,11232.47,288.03,288.36,118.44,118.63,0.3789,0.3912,1.0014,0.9996
7/5/2019,11192.68,10950.53,284.6,288.03,120.14,118.44,0.3879,0.3789,0.999,1.0014
7/4/2019,11800,11192.68,298.46,284.6,120,120.14,0.3994,0.3879,1.0021,0.999
7/3/2019,10708.19,11800,288.47,298.46,117.51,120,0.3959,0.3994,0.9993,1.0027
7/2/2019,10655.02,10708.19,295.43,288.47,122.67,117.51,0.407,0.3959,0.9968,0.9993
7/1/2019,10706.39,10655.02,289.7,295.43,121.87,122.67,0.3942,0.407,0.99,0.9968
6/30/2019,11811.67,10706.39,316,289.7,132.69,121.87,0.4231,0.3942,0.9967,0.99
6/29/2019,12382.97,11811.67,309.3,316,119.99,132.69,0.4235,0.4231,0.996,0.9967
6/28/2019,11090,12382.97,292.8,309.3,113.3,119.99,0.404,0.4235,0.9852,0.996
6/27/2019,12763.93,11090,329.57,292.8,128.54,113.3,0.455,0.404,0.99,0.9852
6/26/2019,11400,12763.93,307,329.57,131.26,128.54,0.4539,0.455,0.995,0.99
6/25/2019,10790.01,11400,304.43,307,133.21,131.26,0.4649,0.4539,0.9964,0.995
6/24/2019,10601,10790.01,299.67,304.43,133.85,133.21,0.4576,0.4649,0.9922,0.9964
6/23/2019,10385.47,10601,299.99,299.67,137.54,133.85,0.461,0.4576,0.995,0.9922
6/22/2019,9961.55,10385.47,289.1,299.99,135.55,137.54,0.4348,0.461,1.0028,0.995
6/21/2019,9450,9961.55,269.79,289.1,134.4,135.55,0.426,0.4348,1.002,1.0028
6/20/2019,9214.51,9450,266.45,269.79,136.41,134.4,0.4318,0.426,1.0022,1.002
6/19/2019,9012,9214.51,262.24,266.45,133.86,136.41,0.4236,0.4318,0.9997,1.0022
6/18/2019,9115.5,9012,268,262.24,130.79,133.86,0.4382,0.4236,1.0028,0.9997
6/17/2019,8837,9115.5,263.92,268,134.08,130.79,0.4216,0.4382,1.0016,1.0028
6/16/2019,8781.22,8837,266.56,263.92,136.63,134.08,0.4081,0.4216,1.0043,1.0011
6/15/2019,8640.5,8781.22,263.15,266.56,132.29,136.63,0.4017,0.4081,1.0047,1.0043
6/14/2019,8213.33,8640.5,253.56,263.15,130.87,132.29,0.3997,0.4017,1.0021,1.0047
6/13/2019,8138.5,8213.33,261.5,253.56,135.47,130.87,0.4,0.3997,1.0035,1.0021
6/12/2019,7902.32,8138.5,245.14,261.5,136.29,135.47,0.3923,0.4,1.0033,1.0035
6/11/2019,7988.3,7902.32,246.23,245.14,129.49,136.29,0.399,0.3923,1.0039,1.0033
6/10/2019,7666.78,7988.3,232.42,246.23,115.97,129.49,0.3889,0.399,1.0016,1.0039
6/9/2019,7959.8,7666.78,245.29,232.42,118.44,115.97,0.411,0.3889,1.0038,1.0016
6/8/2019,8005.25,7959.8,251.4,245.29,117.63,118.44,0.4227,0.411,1.0024,1.0038
6/7/2019,7805,8005.25,249.23,251.4,111.07,117.63,0.42,0.4227,1.0024,1.0024
6/6/2019,7834.07,7805,246.68,249.23,104.12,111.07,0.4043,0.42,1.0016,1.0024
6/5/2019,7714.5,7834.07,241.55,246.68,101.84,104.12,0.4,0.4043,0.998,1.0016
6/4/2019,8145.5,7714.5,250.61,241.55,106.66,101.84,0.42,0.4,0.9994,0.998
6/3/2019,8652.19,8145.5,266.36,250.61,113.4,106.66,0.4393,0.42,1.0005,0.9994
6/2/2019,8484.99,8652.19,262.7,266.36,111.7,113.4,0.4249,0.4393,1.0007,1.0005
6/1/2019,8537,8484.99,266.12,262.7,114.51,111.7,0.4377,0.4249,1.0005,1.0007
5/31/2019,8317.7,8537,256.04,266.12,108.61,114.51,0.42,0.4377,1.0009,1.0005
5/30/2019,8500,8317.7,264.44,256.04,112.84,108.61,0.437,0.42,1.0016,1.0009
5/29/2019,8500,8500,264.52,264.44,111.23,112.84,0.437,0.437,1.0012,1.0021
5/28/2019,8494.13,8500,263.7,264.52,112.71,111.23,0.4202,0.437,1.002,1.0012
5/27/2019,8334,8494.13,255.91,263.7,107.24,112.71,0.391,0.4202,1.0097,1.002
5/26/2019,7872.5,8334,245.61,255.91,100.44,107.24,0.3795,0.391,1.0046,1.0097
5/25/2019,7854.33,7872.5,243.96,245.61,98.35,100.44,0.3763,0.3795,1.0033,1.0046
5/24/2019,7815.6,7854.33,245.16,243.96,88.51,98.35,0.3795,0.3763,1.0037,1.0033
5/23/2019,7650,7815.6,244.5,245.16,88.37,88.51,0.3741,0.3795,1.0003,1.0037
5/22/2019,7869.72,7650,252.3,244.5,90.4,88.37,0.3945,0.3741,1.0044,1.0003
5/21/2019,7897,7869.72,248.95,252.3,89.94,90.4,0.3938,0.3945,1.006,1.0044
5/20/2019,8001,7897,255.95,248.95,93.12,89.94,0.4114,0.3938,1.0053,1.006
5/19/2019,7270,8001,235.07,255.95,87.22,93.12,0.3729,0.4114,1.0026,1.0053
5/18/2019,7314.99,7270,242,235.07,88.9,87.22,0.3866,0.3729,1.0015,1.0026
5/17/2019,7666,7314.99,257.51,242,93.28,88.9,0.4081,0.3866,1.0004,1.0015
5/16/2019,7900,7666,240.3,257.51,99,93.28,0.443,0.4081,1.0039,1.0004
5/15/2019,7866.81,7900,214.05,240.3,90,99,0.4055,0.443,0.9986,1.0039
5/14/2019,7800,7866.81,195.4,214.05,87.5,90,0.3227,0.4055,1.0016,0.9986
5/13/2019,6960,7800,187.51,195.4,84.84,87.5,0.3113,0.3227,1.0006,1.0017
5/12/2019,7190,6960,192.1,187.51,88.5,84.84,0.324,0.3113,1.0039,1.0006
5/11/2019,6431.33,7190,174.04,192.1,77.75,88.5,0.3,0.324,0.9945,1.0039
5/10/2019,6215.13,6431.33,170.5,174.04,74.5,77.75,0.296,0.3,0.9946,0.9945
5/9/2019,5974.98,6215.13,170.19,170.5,73.81,74.5,0.2993,0.296,0.9917,0.9946
5/8/2019,5775.83,5974.98,167.61,170.19,73.7,73.81,0.295,0.2993,0.9852,0.9917
5/7/2019,5664.72,5844,171.17,174.23,74.14,75.57,0.2992,0.2983,0.99,0.985
5/6/2019,5756.5,5664.72,162.27,171.17,75.43,74.14,0.2988,0.2992,0.9908,0.99
5/5/2019,5755.21,5756.5,161.35,162.27,76.86,75.43,0.2994,0.2988,0.9905,0.9908
5/4/2019,5642.38,5755.21,164.05,161.35,77.44,76.86,0.3015,0.2994,0.983,0.9905
5/3/2019,5459.89,5642.38,160.58,164.05,72.86,77.44,0.3006,0.3015,0.9807,0.983
5/2/2019,5374.88,5459.89,159.49,160.58,73.26,72.86,0.3026,0.3,0.9865,0.9807
5/1/2019,5341,5374.88,162.21,159.49,74.38,73.26,0.309,0.3026,0.9896,0.9865
4/30/2019,5297,5341,156.65,162.21,68.07,74.38,0.2963,0.309,0.9835,0.9896
4/29/2019,5362.41,5297,159.61,156.65,70.46,68.07,0.3021,0.2963,0.9702,0.9835
4/28/2019,5380.36,5362.41,161.55,159.61,73.34,70.46,0.3029,0.3021,0.976,0.9702
4/27/2019,5367.7,5380.36,159.27,161.55,74.63,73.34,0.3046,0.3029,0.9708,0.976
4/26/2019,5275,5367.7,156.2,159.27,72.52,74.63,0.2933,0.3046,0.981,0.9708
4/25/2019,5477,5275,166.84,156.2,73.86,72.52,0.3033,0.2933,1.0032,0.981
4/24/2019,5561.39,5477,171.48,166.84,74.78,73.86,0.3231,0.3033,1.0048,1.0032
4/23/2019,5423.3,5561.39,172.76,171.48,77.5,74.78,0.3256,0.3231,1.004,1.0048
4/22/2019,5337.41,5423.3,171.52,172.76,77.85,77.5,0.3256,0.3256,1.0042,1.004
4/21/2019,5346.66,5337.41,174.89,171.52,82.02,77.85,0.3294,0.3256,1.0031,1.0042
4/20/2019,5313.38,5346.66,174.17,174.89,82.75,82.02,0.3344,0.3294,1.0033,1.0031
4/19/2019,5295.8,5313.38,173.56,174.17,82.27,82.75,0.337,0.3344,1.0033,1.0033
4/18/2019,5260.89,5295.8,167.17,173.56,79.46,82.27,0.3386,0.337,1.0026,1.0033
4/17/2019,5218.29,5260.89,167,167.17,81.11,79.46,0.3269,0.3386,1.0033,1.0026
4/16/2019,5081.45,5218.29,161.89,167,79.28,81.11,0.3221,0.3269,1.0005,1.0033
4/15/2019,5193.77,5081.45,169.11,161.89,84.12,79.28,0.3339,0.3221,1.0035,1.0005
4/14/2019,5145.17,5193.77,165.78,169.11,79.1,84.12,0.3312,0.3339,1.0032,1.0035
4/13/2019,5139.63,5145.17,166.19,165.78,80.23,79.1,0.3306,0.3312,1.0031,1.0032
4/12/2019,5098.71,5139.63,166.82,166.19,80.21,80.23,0.3331,0.3306,1.004,1.0031
4/11/2019,5333.3,5098.71,177.93,166.82,88.56,80.21,0.3562,0.3331,1.0021,1.004
4/10/2019,5234.27,5333.3,177.27,177.93,87.45,88.56,0.353,0.3562,1.0065,1.0021
4/9/2019,5297.72,5234.27,181.09,177.27,89.03,87.45,0.359,0.353,1.0065,1.0065
4/8/2019,5171.18,5297.72,173.51,181.09,91.07,89.03,0.3617,0.359,1.003,1.0065
4/7/2019,5065,5171.18,166.36,173.51,93,91.07,0.3553,0.3617,1.0001,1.003
4/6/2019,5018.51,5065,165.28,166.36,88.57,93,0.3616,0.3553,1.0055,1.0001
4/5/2019,4871.63,5018.51,155.4,165.28,82.24,88.57,0.3308,0.3616,1.002,1.0055
4/4/2019,4954.68,4880,160.23,154.98,84.69,83,0.3425,0.3308,1.0056,1.002
4/3/2019,4811.51,4954.68,162.06,160.23,75.51,84.69,0.3483,0.3425,1.0075,1.0056
4/2/2019,4168.16,4811.51,142.17,162.06,60.58,75.51,0.3148,0.3483,0.998,1.0075
4/1/2019,4135.59,4168.16,142.08,142.17,60.96,60.58,0.3116,0.3148,0.9975,0.998
3/19/2019,4068.18,4068.5,139.99,141.2,60.2,60.48,0.3214,0.3205,0.9968,0.9975
3/18/2019,4062.01,4068.18,141.08,139.99,61.65,60.2,0.322,0.3214,0.9966,0.9968
3/17/2019,4075,4062.01,143.54,141.08,61.91,61.65,0.3248,0.322,0.9958,0.9966
3/16/2019,3985,4075,138.37,143.54,59.09,61.91,0.3196,0.3248,0.9965,0.9958
3/15/2019,3956,3985,134.98,138.37,56.92,59.09,0.3179,0.3196,0.9944,0.9965
3/14/2019,3958.74,3956,134.09,134.98,56.47,56.92,0.3205,0.3179,0.9935,0.9944
3/13/2019,3961.25,3958.74,136.03,134.09,57.63,56.47,0.3174,0.3205,0.9953,0.9935
3/12/2019,3948,3961.25,135.46,136.03,55.84,57.63,0.3165,0.3174,0.9956,0.995
3/11/2019,3985.14,3948,137.8,135.46,57.74,55.84,0.3191,0.3165,0.9975,0.9956
3/10/2019,3996.86,3985.14,139.16,137.8,58.46,57.74,0.3175,0.3191,0.9975,0.9975
3/9/2019,3943.55,3996.86,135.7,139.16,56.75,58.46,0.3138,0.3175,0.997,0.9975
3/8/2019,3947.81,3943.55,139.42,135.7,57.61,56.75,0.3193,0.3138,0.9958,0.997
3/7/2019,3920.78,3947.81,139.46,139.42,56.3,57.61,0.3206,0.3193,0.9954,0.9958
3/6/2019,3933.1,3920.78,138.57,139.46,53.46,56.3,0.32,0.3206,0.9953,0.9954
3/5/2019,3834.57,3933.1,129.2,138.57,47.08,53.46,0.3123,0.32,0.9959,0.9953
3/4/2019,3919.26,3834.57,134.05,129.2,49.09,47.08,0.3192,0.3123,0.9947,0.9959
3/3/2019,3929.4,3919.26,135.73,134.05,49.54,49.09,0.3216,0.3192,0.9944,0.9947
3/2/2019,3935.86,3929.4,139.27,135.73,48.35,49.54,0.3264,0.3216,0.9957,0.9944
3/1/2019,3913.25,3935.86,138.62,139.27,46.8,48.35,0.3225,0.3264,0.9945,0.9957
2/28/2019,3915.52,3913.25,138.85,138.62,46.2,46.8,0.32,0.3225,0.995,0.9945
2/27/2019,3910.93,3915.52,140,138.85,46.08,46.2,0.3259,0.32,0.9952,0.995
2/26/2019,3933.67,3910.93,141.8,140,46.98,46.08,0.3347,0.3259,0.9944,0.9952
2/25/2019,3880,3933.67,138.33,141.8,45.5,46.98,0.3096,0.3347,0.9934,0.9944
2/24/2019,4160.5,3880,158,138.33,51.48,45.5,0.3347,0.3096,0.9953,0.9934
2/23/2019,4045,4160.5,150.42,158,50.08,51.48,0.3287,0.3347,0.996,0.9953
2/22/2019,3982.06,4045,147.56,150.42,49.78,50.08,0.3257,0.3287,0.997,0.996
2/21/2019,4027.5,3982.06,150.33,147.56,51.95,49.78,0.3351,0.3257,0.9959,0.997
2/20/2019,3968.6,4027.5,146,150.33,47.86,51.95,0.3291,0.3351,0.9942,0.9959
2/19/2019,3929.7,3968.6,146.29,146,47.9,47.86,0.3233,0.3291,0.9968,0.9942
2/18/2019,3752.97,3929.7,137,146.29,44.72,47.9,0.3096,0.3233,0.9954,0.9968
2/17/2019,3715.59,3752.97,125.68,137,44.58,44.72,0.3085,0.3096,0.995,0.9954
2/16/2019,3675.06,3715.59,123.93,125.68,43.26,44.58,0.3077,0.3085,0.9943,0.995
2/15/2019,3668.04,3675.06,123.4,123.93,42.32,43.26,0.3097,0.3077,0.9967,0.9943
2/14/2019,3688.43,3668.04,123.96,123.4,42.56,42.32,0.3099,0.3097,0.996,0.9967
2/13/2019,3690,3688.43,123.93,123.96,44.6,42.56,0.3097,0.3099,0.9971,0.9967
2/12/2019,3675.92,3690,122.48,123.93,43.63,44.6,0.3075,0.3097,0.9984,0.9971
2/11/2019,3733.7,3675.92,126.52,122.48,47.23,43.63,0.3136,0.3075,0.9929,0.9984
2/10/2019,3709.44,3733.7,120.5,126.52,44.95,47.23,0.3152,0.3136,0.9896,0.9929
2/9/2019,3695.07,3709.44,120.55,120.5,43.47,44.95,0.3148,0.3152,0.991,0.9896
2/8/2019,3466.57,3695.07,106.77,120.55,33.71,43.47,0.2989,0.3148,0.9921,0.991
2/7/2019,3472.28,3466.57,106.4,106.77,33.49,33.71,0.297,0.2989,0.992,0.9921
2/6/2019,3532.33,3472.28,108.9,106.4,34.7,33.49,0.3056,0.297,0.9889,0.992
2/5/2019,3508.52,3532.33,108.95,108.9,34.61,34.7,0.3039,0.3056,0.9899,0.9889
2/4/2019,3504.1,3508.52,108.9,108.95,33.93,34.61,0.3078,0.3039,0.9901,0.9899
2/3/2019,3552.1,3504.1,111.5,108.9,34.68,33.93,0.3137,0.3078,0.9903,0.9901
2/2/2019,3541.4,3552.1,108.88,111.5,33.37,34.68,0.3138,0.3137,0.9891,0.9903
2/1/2019,3500.76,3541.4,108.22,108.88,32.03,33.37,0.3162,0.3138,0.9883,0.9892
1/31/2019,3526,3500.76,110.64,108.22,32.3,32.03,0.3254,0.3162,0.9877,0.9883
1/30/2019,3501.97,3526,107.72,110.64,31.72,32.3,0.2959,0.3254,0.9918,0.9877
1/29/2019,3538,3501.97,108.88,107.72,31.8,31.72,0.3023,0.2959,0.9889,0.9918
1/28/2019,3643.02,3538,115,108.88,33.16,31.8,0.3145,0.3023,0.9895,0.9889
1/27/2019,3673.98,3643.02,118.59,115,33.8,33.16,0.3215,0.3145,0.9885,0.9895
1/26/2019,3671,3673.98,118.34,118.59,33.66,33.8,0.3234,0.3215,0.9884,0.9885
1/25/2019,3680.12,3671,119.82,118.34,33.69,33.66,0.326,0.3234,0.9881,0.9885
1/24/2019,3677.24,3680.12,120.11,119.82,32.6,33.69,0.3241,0.326,0.9851,0.9881
1/23/2019,3700.5,3677.24,121.97,120.11,32.61,32.6,0.3289,0.3241,0.9882,0.9851
1/22/2019,3660,3700.5,119.77,121.97,31.91,32.61,0.3292,0.3289,0.9899,0.9882
1/21/2019,3680,3660,122,119.77,31.79,31.91,0.3311,0.3292,0.9915,0.9899
1/20/2019,3791.22,3680,126.2,122,33.25,31.79,0.3376,0.3311,0.994,0.9915
1/19/2019,3731.92,3791.22,123.14,126.2,32,33.25,0.3321,0.3376,0.9933,0.994
1/18/2019,3757.7,3731.92,126.4,123.14,32.45,32,0.3372,0.3321,0.995,0.9932
1/17/2019,3723.54,3757.7,125.92,126.4,32.23,32.45,0.338,0.3372,0.999,0.995
1/16/2019,3709.98,3723.54,124,125.92,32.03,32.23,0.3347,0.338,0.9942,0.999
1/15/2019,3792.6,3709.98,132.05,124,33.1,32.03,0.3435,0.3347,0.9966,0.9942
1/14/2019,3630,3792.6,119.22,132.05,30.95,33.1,0.3258,0.3435,0.9976,0.9966
1/13/2019,3746,3630,129.14,119.22,33.22,30.95,0.3407,0.3258,1.0008,0.9976
1/12/2019,3765,3746,130,129.14,32.84,33.22,0.3418,0.3407,1.0012,1.0008
1/11/2019,3766.99,3765,132.29,130,34.69,32.84,0.343,0.3418,1.0008,1.0012
1/10/2019,4084.3,3766.99,152.39,132.29,39.35,34.69,0.3762,0.343,1.0016,1.0008
1/9/2019,4093.47,4084.3,152,152.39,40.11,39.35,0.3724,0.3762,1.0002,1.0016
1/8/2019,4085.3,4093.47,154.63,152,38.49,40.11,0.3715,0.3724,1.0036,1.0002
1/7/2019,4146.6,4085.3,160.82,154.63,40.14,38.49,0.373,0.3715,1.0025,1.0036
1/6/2019,3910.22,4146.6,158.49,160.82,35.4,40.14,0.3628,0.373,1.0049,1.0025
1/5/2019,3940,3910.22,157.42,158.49,32.92,35.4,0.368,0.3628,1.0034,1.0049
1/4/2019,3899.14,3940,151.28,157.42,32.64,32.92,0.3673,0.368,1.0062,1.0034
1/3/2019,4014,3899.14,158,151.28,34,32.64,0.384,0.3673,1.0089,1.0062
1/2/2019,3943.76,4014,144.17,158,32.68,34,0.375,0.384,1.0081,1.0089
1/1/2019,3814.16,3943.76,136.49,144.17,30.84,32.68,0.3622,0.375,1.0085,1.0081
12/31/2018,3955,3814.16,143.87,136.49,32.55,30.84,0.3793,0.3622,1.0077,1.0085
12/30/2018,3854.37,3955,138.19,143.87,31.43,32.55,0.3694,0.3793,1.0098,1.0077
12/29/2018,3986.2,3854.37,141.05,138.19,33.1,31.43,0.3847,0.3694,1.0068,1.0097
12/28/2018,3740.01,3986.2,118.82,141.05,28.76,33.1,0.3498,0.3847,1.0064,1.0068
12/27/2018,3937.34,3740.01,135.14,118.82,31.6,28.76,0.39,0.3498,1.0057,1.0064
12/26/2018,3905,3937.34,133,135.14,31.83,31.6,0.391,0.39,1.011,1.0057
12/25/2018,4158,3905,144,133,35.1,31.83,0.4176,0.391,1.0051,1.011
12/24/2018,4030,4158,131.99,144,34,35.1,0.3751,0.4176,1.0059,1.0051
12/23/2018,4090,4030,118.02,131.99,32.27,34,0.3687,0.3751,1.005,1.0059
12/22/2018,3937,4090,110.35,118.02,30.89,32.27,0.3619,0.3687,1.007,1.005
12/21/2018,4184.76,3937,117.85,110.35,33.11,30.89,0.3849,0.3619,1.0054,1.007
12/20/2018,3771.9,4184.76,101.47,117.85,29.78,33.11,0.3565,0.3849,0.9991,1.0054
12/19/2018,3733.2,3771.9,102.18,101.47,30.5,29.78,0.3545,0.3565,1.0075,0.9991
12/18/2018,3578.1,3733.2,95.8,102.18,29.74,30.5,0.3317,0.3545,1.0097,1.0075
12/17/2018,3292.42,3578.1,86.4,95.8,25.99,29.74,0.2928,0.3317,1.0112,1.0097
12/16/2018,3293.46,3292.42,85.78,86.4,24.41,25.99,0.2935,0.2928,1.0061,1.0112
12/15/2018,3316.9,3293.46,86.4,85.78,23.94,24.41,0.2966,0.2935,1.0073,1.0061
12/14/2018,3417,3316.9,89.06,86.4,23.89,23.94,0.3104,0.2966,1.0099,1.0073
12/13/2018,3559.94,3417,92.5,89.06,25.13,23.89,0.3171,0.3104,1.005,1.0099
12/12/2018,3499.26,3559.94,91.27,92.5,24.33,25.13,0.3109,0.3171,1.0031,1.005
12/11/2018,3554.22,3527.48,93.2,91.32,25.18,24.37,0.3108,0.311,1.0078,1.0031
12/10/2018,3667.18,3554.22,96.5,93.2,26.39,25.18,0.3205,0.3108,1.0004,1.0078
12/9/2018,3544.54,3667.18,93.85,96.5,25.24,26.39,0.3159,0.3205,1.0065,1.0004
12/8/2018,3537.38,3544.54,96.55,93.85,26.16,25.24,0.3127,0.3159,1.0048,1.0065
12/7/2018,3670.67,3537.38,95.43,96.55,27.89,26.16,0.322,0.3127,1.0034,1.0048
12/6/2018,3890,3670.67,106.3,95.43,30.35,27.89,0.3511,0.322,0.9966,1.0034
12/5/2018,4097.42,3890,113.58,106.3,32.27,30.35,0.3648,0.3511,0.9908,0.9966
12/4/2018,4023.7,4097.42,113.16,113.58,32.05,32.27,0.3637,0.3648,0.989,0.9908
12/3/2018,4246.61,4023.7,119.39,113.16,34.51,32.05,0.3781,0.3637,0.99,0.989
12/2/2018,4304.3,4246.61,120.67,119.39,35,34.51,0.3821,0.3781,0.988,0.99
12/1/2018,4138.06,4304.3,116.48,120.67,33.1,35,0.3738,0.3821,0.9944,0.988
11/30/2018,4405.9,4147.46,121.02,116.55,34.9,32.89,0.3909,0.3727,0.9905,0.9944
11/29/2018,4375,4405.9,125.09,121.02,35.59,34.9,0.4007,0.3909,0.9925,0.9905
11/28/2018,3930.3,4375,112.82,125.09,31.95,35.59,0.37,0.4007,0.9943,0.9925
11/27/2018,3899.49,3930.3,112.33,112.82,30.47,31.95,0.367,0.37,0.996,0.9943
11/26/2018,4100,3899.49,119.75,112.33,31.68,30.47,0.3854,0.367,0.9938,0.996
11/25/2018,4018.19,4100,116.77,119.75,30.33,31.68,0.3888,0.3854,0.9796,0.9938
11/24/2018,4483.35,4018.19,127.68,116.77,33.37,30.33,0.4205,0.3888,0.9814,0.9796
11/23/2018,4497,4483.35,130.37,127.68,33.1,33.37,0.4395,0.4205,0.9859,0.9814
11/22/2018,4777.97,4497,141.88,130.37,35.97,33.1,0.465,0.4395,0.9866,0.9859
11/21/2018,4632.06,4777.97,135.21,141.88,34.25,35.97,0.4495,0.465,0.9827,0.9866
11/20/2018,4978.83,4632.06,153.31,135.21,37.72,34.25,0.4898,0.4495,0.9867,0.9827
11/19/2018,5823.49,4978.83,182.93,153.31,43.8,37.72,0.5289,0.4898,0.9844,0.9867
11/18/2018,5802,5823.49,181.7,182.93,43.85,43.8,0.5122,0.5289,0.9865,0.9844
11/17/2018,5852.2,5802,182.49,181.7,44.14,43.85,0.4934,0.5122,0.9888,0.9889
11/16/2018,5915.8,5852.2,189,182.49,45.89,44.14,0.4998,0.4934,0.9705,0.9888
11/15/2018,5970.2,5915.8,190,189,45.16,45.89,0.4891,0.4998,0.9651,0.9705
11/14/2018,6522.2,5970.2,211.81,190,50.55,45.16,0.5223,0.4891,0.962,0.9651
11/13/2018,6492.07,6522.2,214.33,211.81,51.63,50.55,0.5288,0.5223,0.9639,0.962
11/12/2018,6526,6492.07,215,214.33,52.13,51.63,0.5158,0.5288,0.9698,0.9633
11/11/2018,6523.4,6526,216.21,215,53.04,52.13,0.5146,0.5158,0.9774,0.9698
11/10/2018,6472.83,6523.4,212.59,216.21,52.51,53.04,0.5101,0.5146,0.9735,0.9774
11/9/2018,6535.2,6472.83,214.9,212.59,53.05,52.51,0.5003,0.5101,0.9569,0.9735
11/8/2018,6580,6535.2,219.53,214.9,54.58,53.05,0.5406,0.5003,0.9633,0.9569
11/7/2018,6530.94,6580,219.56,219.53,56.32,54.58,0.553,0.5406,0.9847,0.9633
11/6/2018,6455.46,6530.94,210.9,219.56,53.91,56.32,0.5003,0.553,0.9796,0.9845
11/5/2018,6495.03,6455.46,212.13,210.9,54.6,53.91,0.4711,0.5003,0.976,0.9796
11/4/2018,6450.8,6495.03,202.56,212.13,51.64,54.6,0.463,0.4711,0.97,0.976
11/3/2018,6465.6,6450.8,203.28,202.56,51.93,51.64,0.466,0.463,0.9497,0.97
11/2/2018,6485.61,6465.6,202.51,203.28,51.16,51.93,0.4664,0.466,0.9688,0.9497
11/1/2018,6461.76,6485.61,201.83,202.51,50.38,51.16,0.4605,0.4664,0.98,0.9688
10/31/2018,6443.03,6461.76,200.54,201.83,50.25,50.38,0.4557,0.4605,0.9863,0.98
10/30/2018,6450,6443.03,199.53,200.54,50.1,50.25,0.452,0.4557,0.9876,0.9863
10/29/2018,6570.27,6450,206.85,199.53,52.54,50.1,0.4687,0.452,0.9867,0.9876
10/28/2018,6599.9,6570.27,206,206.85,52.77,52.54,0.4679,0.4687,0.9894,0.9867
10/27/2018,6605.74,6599.9,206.29,206,53.2,52.77,0.4718,0.4679,0.991,0.9894
10/26/2018,6602.9,6605.74,205.72,206.29,53.11,53.2,0.4689,0.4718,0.9905,0.991
10/25/2018,6602,6602.9,206.3,205.72,53.41,53.11,0.4658,0.4689,0.9913,0.9905
10/24/2018,6591.7,6602,206.93,206.3,53.49,53.41,0.4724,0.4658,0.9912,0.9913
10/23/2018,6560,6591.7,206.29,206.93,53.17,53.49,0.461,0.4724,0.9927,0.9912
10/22/2018,6603.9,6560,207,206.29,53.57,53.17,0.465,0.461,0.9887,0.9927
10/21/2018,6609.9,6603.9,207.74,207,54.27,53.57,0.4705,0.465,0.991,0.9887
10/20/2018,6577.5,6609.9,206.16,207.74,53.96,54.27,0.4642,0.4705,0.9919,0.991
10/19/2018,6651.63,6577.5,210.3,206.16,54.15,53.96,0.4761,0.4642,0.9933,0.9919
10/18/2018,6690,6652,210.8,209.6,54.66,54.42,0.4797,0.4783,0.9867,0.9933
10/17/2018,6688.6,6690,212.52,210.8,54.85,54.66,0.4795,0.4797,0.9906,0.9867
10/16/2018,6677.83,6656.88,211.06,210.63,55.62,55.24,0.4544,0.4518,0.99,0.9906
10/15/2018,6471.93,6677.83,200.8,211.06,53.8,55.62,0.4179,0.4544,0.9787,0.99
10/14/2018,6453,6471.93,205.16,200.8,55.28,53.8,0.43,0.4179,0.9772,0.9787
10/13/2018,6429.97,6453,201.58,205.16,55.21,55.28,0.4305,0.43,0.9766,0.9772
10/12/2018,6387.08,6429.97,195,201.58,53.11,55.21,0.394,0.4305,0.9776,0.9766
10/11/2018,6636.37,6387.08,228.15,195,58.63,53.11,0.468,0.394,0.973,0.9776
10/10/2018,6649.97,6636.37,228.22,228.15,59.12,58.63,0.4835,0.468,0.9736,0.973
10/9/2018,6684.28,6649.97,229.97,228.22,59.86,59.12,0.4929,0.4835,0.9725,0.9736
10/8/2018,6646,6684.28,226.72,229.97,58.55,59.86,0.4857,0.4929,0.9764,0.9725
10/7/2018,6617,6646,226.22,226.72,57.92,58.55,0.4922,0.4857,0.9648,0.9764
10/6/2018,6664.8,6617,227.58,226.22,59.26,57.92,0.5228,0.4922,0.9571,0.9648
10/5/2018,6624.95,6664.8,224.39,227.58,58.9,59.26,0.533,0.5228,0.9542,0.9571
10/4/2018,6591.16,6624.95,222.39,224.39,58.09,58.9,0.5365,0.533,0.956,0.9542
10/3/2018,6609.35,6591.16,227.45,222.39,60.49,58.09,0.5243,0.5365,0.974,0.956
10/2/2018,6620,6609.35,231.07,227.45,60.55,60.49,0.5826,0.5243,0.9795,0.974
10/1/2018,6624.7,6620,231.77,231.07,61,60.55,0.5801,0.5826,0.9812,0.9795
9/30/2018,6618.8,6624.7,231.04,231.77,61.7,61,0.5698,0.5801,0.9817,0.9812
9/29/2018,6650,6618.8,221.34,231.04,61.9,61.7,0.536,0.5698,0.9821,0.9817
9/28/2018,6680,6650,228.27,221.34,63.15,61.9,0.5416,0.536,0.9886,0.9821
9/27/2018,6463,6680,215.78,228.27,57.77,63.15,0.51,0.5416,0.9895,0.9886
9/26/2018,6450,6463,220,215.78,57.59,57.77,0.529,0.51,0.9934,0.9902
9/25/2018,6580,6450,227.43,220,57.98,57.59,0.4937,0.529,0.9935,0.9934
9/24/2018,6675,6580,243.98,227.43,61.22,57.98,0.5681,0.4937,0.992,0.9935
9/23/2018,6717.16,6675,241,243.98,60.24,61.22,0.568,0.5681,0.9932,0.992
9/22/2018,6697.38,6717.16,245.13,241,60.54,60.24,0.5594,0.568,0.9919,0.9931
9/21/2018,6514.04,6697.38,224.55,245.13,56.5,60.54,0.4504,0.5594,0.9915,0.9919
9/20/2018,6425.5,6514.04,209.75,224.55,54.3,56.5,0.3274,0.4504,0.9946,0.9915
9/19/2018,6387,6425.5,210.86,209.75,54.59,54.3,0.3201,0.3274,0.9964,0.9946
9/18/2018,6333,6387,200.2,210.86,52.74,54.59,0.2753,0.3201,0.9969,0.9964
9/17/2018,6527.08,6333,220.57,200.2,57.3,52.74,0.2817,0.2753,0.9979,0.9969
9/16/2018,6530,6527.08,223.13,220.57,56.38,57.3,0.2819,0.2817,0.9976,0.9979
9/15/2018,6517.7,6530,210.19,223.13,56.68,56.38,0.2784,0.2819,0.9975,0.9976
9/14/2018,6520,6517.7,211.4,210.19,54.53,56.68,0.2808,0.2784,0.9987,0.9975
9/13/2018,6423,6520,185.93,211.4,52.48,54.53,0.2737,0.2808,0.9988,0.9987
9/12/2018,6400,6423,187.61,185.93,52.46,52.48,0.2672,0.2737,0.9987,0.9988
9/11/2018,6428.87,6400,200.46,187.61,55.3,52.46,0.2728,0.2672,0.9984,0.9987
9/10/2018,6404.17,6428.87,199.75,200.46,55.9,55.3,0.2825,0.2728,0.9983,0.9984
9/9/2018,6345.61,6404.17,202.5,199.75,54.5,55.9,0.2849,0.2825,0.999,0.9983
9/8/2018,6530.1,6345.61,219.87,202.5,57.04,54.5,0.2938,0.2849,0.9994,0.999
9/7/2018,6590,6530.1,232.96,219.87,58.4,57.04,0.305,0.2938,0.9988,0.9987
9/6/2018,6754.5,6590,231.92,232.96,58.23,58.4,0.2801,0.305,0.9985,0.9988
9/5/2018,7348.17,6754.5,285.42,231.92,67.92,58.23,0.3323,0.2801,0.999,0.9985
9/4/2018,7260.04,7348.17,289.11,285.42,65.59,67.92,0.3359,0.3323,0.9994,0.999
9/3/2018,7278.88,7260.04,293.14,289.11,65.95,65.59,0.3409,0.3359,0.9992,0.9994
9/2/2018,7184,7278.88,294.14,293.14,66.3,65.95,0.3459,0.3409,0.999,0.9993
9/1/2018,7010,7184,282.03,294.14,61.98,66.3,0.3336,0.3459,0.9979,0.999
8/31/2018,6969.05,7010,282.63,282.03,59.95,61.98,0.3337,0.3336,0.9977,0.9979
8/30/2018,7012.4,6969.05,288.84,282.63,61.34,59.95,0.3462,0.3337,0.9966,0.9977
8/29/2018,7042.08,7012.4,293.27,288.84,62.75,61.34,0.3491,0.3462,0.9968,0.9966
8/28/2018,6859.3,7042.08,284.64,293.27,60.15,62.75,0.336,0.3491,0.9971,0.9968
8/27/2018,6701.6,6859.3,273.82,284.64,57,60.15,0.3236,0.336,0.9989,0.9971
8/26/2018,6750,6701.6,277.35,273.82,57.84,57,0.327,0.3236,0.9973,0.9989
8/25/2018,6699.6,6750,282.57,277.35,57.75,57.84,0.3274,0.327,0.9963,0.9973
8/24/2018,6534.52,6699.6,278.8,282.57,57.65,57.75,0.3273,0.3274,0.9968,0.9963
8/23/2018,6432.6,6534.52,271.96,278.8,55.58,57.65,0.322,0.3273,0.9983,0.9968
8/22/2018,6480.25,6432.6,280,271.96,56.27,55.58,0.3349,0.322,0.9986,0.9983
8/21/2018,6325.1,6480.25,275.94,280,54.61,56.27,0.32,0.3349,0.9985,0.9986
8/20/2018,6500,6325.1,300.42,275.94,57.87,54.61,0.3434,0.32,0.9998,0.9985
8/19/2018,6408.4,6500,295.11,300.42,57.13,57.87,0.3284,0.3434,0.9988,0.9998
8/18/2018,6546.28,6408.4,316,295.11,61.3,57.13,0.365,0.3284,0.9985,0.9988
8/17/2018,6300,6546.28,285.09,316,55.14,61.3,0.2912,0.365,0.9986,0.9985
8/16/2018,6263.47,6300,279.88,285.09,54.15,55.14,0.2788,0.2912,0.9999,0.9986
8/15/2018,6253,6263.47,281.4,279.88,54.91,54.15,0.2768,0.2788,0.999,0.9999
8/14/2018,6367.17,6253,289.72,281.4,57.46,54.91,0.2786,0.2768,0.9993,0.999
8/13/2018,6390.96,6367.17,322.95,289.72,59.95,57.46,0.2986,0.2786,0.9988,0.9993
8/12/2018,6195.86,6195.86,317.65,317.65,56.79,56.79,0.2994,0.2994,0.9999,0.9988
8/11/2018,6198.22,6195.86,336.55,317.65,59.36,56.79,0.3215,0.2994,0.9988,0.9999
8/10/2018,6578.9,6198.22,365.36,336.55,63.5,59.36,0.3448,0.3215,0.9991,0.9988
8/9/2018,6314.1,6578.9,358.2,365.36,62.85,63.5,0.3335,0.3448,0.9996,0.9991
8/8/2018,6757.2,6314.1,380.43,358.2,67.96,62.85,0.38,0.3335,1.0003,0.9996
8/7/2018,6931,6757.2,404.19,380.43,73.55,67.96,0.4144,0.38,1.002,1.0003
8/6/2018,7053.07,6931,411.16,404.19,74.71,73.55,0.4345,0.4144,0.9999,1.002
8/5/2018,7056.03,7053.07,407.9,411.16,73.44,74.71,0.4317,0.4345,0.9993,0.9999
8/4/2018,7416.74,7056.03,415.32,407.9,77.23,73.44,0.44,0.4317,1.001,0.9993
8/3/2018,7567.16,7416.74,412.04,415.32,76.85,77.23,0.4349,0.44,1.0013,1.001
8/2/2018,7610,7567.16,422.67,412.04,77.88,76.85,0.4482,0.4349,0.9999,1.0013
8/1/2018,7759.68,7610,435.4,422.67,79.14,77.88,0.4358,0.4482,0.9994,0.9999
7/31/2018,8183.43,7759.68,457.74,435.4,82.27,79.14,0.4464,0.4358,1,0.9994
7/30/2018,8180,8183.43,464.41,457.74,83.67,82.27,0.4517,0.4464,0.9998,1
7/29/2018,8209,8180,465,464.41,83.47,83.67,0.4536,0.4517,0.9988,0.9998
7/28/2018,8141.41,8209,469.11,465,84.17,83.47,0.454,0.4536,0.9999,0.9988
7/27/2018,7975.8,8141.41,465,469.11,83.63,84.17,0.4505,0.454,0.9995,0.9999
7/26/2018,8098.99,7975.8,466,465,85.74,83.63,0.4551,0.4505,0.997,0.9995
7/25/2018,8358.42,8098.99,474,466,88.74,85.74,0.4552,0.4551,0.999,0.997
7/24/2018,7740.62,8358.42,451.6,474,81.65,88.74,0.4477,0.4552,0.9987,0.999
7/23/2018,7405.8,7740.62,457.48,451.6,82.55,81.65,0.45,0.4477,0.9987,0.9987
7/22/2018,7406.4,7405.8,461.42,457.48,83.35,82.55,0.455,0.45,0.9977,0.9987
7/21/2018,7388.16,7406.4,450.14,461.42,82.04,83.35,0.448,0.455,0.9987,0.9977
7/20/2018,7427.1,7388.16,467.8,450.14,85.88,82.04,0.4749,0.448,0.998,0.9987
7/19/2018,7344.9,7427.1,477.82,467.8,86.19,85.88,0.4854,0.4749,0.997,0.998
7/18/2018,7297.9,7344.9,494.55,477.82,87.91,86.19,0.5021,0.4854,0.9999,0.997
7/17/2018,6675,7297.9,473.32,494.55,83.19,87.91,0.4788,0.5021,0.9987,0.9999
7/16/2018,6369,6675,448.51,473.32,78.71,83.19,0.4468,0.4788,0.9998,0.9987
7/15/2018,6280,6369,436.52,448.51,76.81,78.71,0.4425,0.4468,0.9986,0.9998
7/14/2018,6264.81,6280,434.51,436.52,77,76.81,0.4424,0.4425,0.9985,0.9986
7/13/2018,6293.2,6264.81,433.47,434.51,77.33,77,0.442,0.4424,0.9988,0.9985
7/12/2018,6413.23,6293.2,446.84,433.47,78.63,77.33,0.4515,0.442,0.9976,0.9986
7/11/2018,6372.44,6413.23,437.12,446.84,76.54,78.63,0.4481,0.4515,0.9988,0.9976
7/10/2018,6695.4,6372.44,476.2,437.12,80.66,76.54,0.478,0.4481,0.9999,0.9988
7/9/2018,6714.5,6695.4,485.16,476.2,82.21,80.66,0.4776,0.478,0.9981,0.9999
7/8/2018,6752.39,6714.5,483.65,485.16,84.45,82.21,0.485,0.4776,0.9999,0.9981
7/7/2018,6627.52,6752.39,471.28,483.65,83.6,84.45,0.4793,0.485,0.9988,0.9999
7/6/2018,6584.8,6627.52,470.39,471.28,84.03,83.6,0.4837,0.4793,0.9999,0.9988
7/5/2018,6608.27,6584.8,469.49,470.39,85.73,84.03,0.4937,0.4837,0.999,0.9999
7/4/2018,6530.59,6608.27,464.36,469.49,84.96,85.73,0.4862,0.4937,0.999,0.999
7/3/2018,6560.1,6530.59,472.9,464.36,84.98,84.96,0.4841,0.4862,0.999,0.999
7/2/2018,6324.94,6560.1,448.81,472.9,79.5,84.98,0.4585,0.4841,0.9995,0.999
7/1/2018,6358.5,6324.94,448.45,448.81,80.81,79.5,0.4653,0.4585,0.9989,0.9995
6/30/2018,6278.26,6358.5,439.61,448.45,80.19,80.81,0.4598,0.4653,1,0.9989
6/29/2018,5946.72,6278.26,427.49,439.61,76.09,80.19,0.4542,0.4598,0.9996,1
6/28/2018,6132.4,5946.72,440.4,427.49,80.44,76.09,0.4696,0.4542,0.999,0.9996
6/27/2018,6155.2,6132.4,436,440.4,76.48,80.44,0.4572,0.4696,0.9991,0.999
6/26/2018,6335.44,6155.2,467.13,436,82.4,76.48,0.4859,0.4572,0.9997,0.9991
6/25/2018,6296.98,6335.44,464.13,467.13,82.23,82.4,0.4845,0.4859,0.9984,0.9997
6/24/2018,6310,6296.98,486.69,464.13,84.89,82.23,0.5022,0.4845,0.9986,0.9984
6/23/2018,6220.43,6310,476,486.69,87.13,84.89,0.4966,0.5022,0.9988,0.9986
6/22/2018,6703,6220.43,523.99,476,96.37,87.13,0.5347,0.4966,0.9989,0.9988
6/21/2018,6724,6703,533.73,523.99,97.5,96.37,0.5387,0.5347,0.999,0.9989
6/20/2018,6749.9,6724,536.66,533.73,98.72,97.5,0.5478,0.5387,0.999,0.999
6/19/2018,6779,6749.9,521.6,536.66,99.64,98.72,0.5446,0.5478,0.9987,0.999
6/18/2018,6614.68,6779,508.62,521.6,97.21,99.64,0.5378,0.5446,0.9994,0.9987
6/17/2018,6645.05,6614.68,508,508.62,99.52,97.21,0.5486,0.5378,0.9984,0.9994
6/16/2018,6573.3,6645.05,499.94,508,98.52,99.52,0.5484,0.5486,1,0.9984
6/15/2018,6708,6573.3,523.4,499.94,102.08,98.52,0.5643,0.5484,0.9996,1
6/14/2018,6423.4,6708,483.35,523.4,95.4,102.08,0.5385,0.5643,1,0.9996
6/13/2018,6704.1,6423.4,503.92,483.35,102.43,95.4,0.5691,0.5385,1.001,1
6/12/2018,6976.16,6704.1,537.72,503.92,108.4,102.43,0.6062,0.5691,1.001,1.001
6/11/2018,6885.95,6976.16,534.69,537.72,108.76,108.4,0.5919,0.6062,1.0005,1.001
6/10/2018,7517.58,6885.95,595,534.69,117.46,108.76,0.6643,0.5919,0.9997,1.0005
6/9/2018,7641.53,7517.58,598.93,595,120.18,117.46,0.6721,0.6643,0.9991,0.9997
6/8/2018,7628.92,7641.53,599.01,598.93,121.01,120.18,0.672,0.6721,0.9991,0.9991
6/7/2018,7605,7628.92,601.5,599.01,120.27,121.01,0.6693,0.672,0.9991,0.9991
6/6/2018,7557.4,7605,602,601.5,121.05,120.27,0.6695,0.6693,1.0003,0.9991
6/5/2018,7493.87,7557.4,589.07,602,120.02,121.05,0.6548,0.6695,1,1.0003
6/4/2018,7633.48,7493.87,614,589.07,123.83,120.02,0.6806,0.6548,1.0001,1
6/3/2018,7583.8,7633.48,585,614,121.97,123.83,0.6339,0.6806,1.0005,1.0001
6/2/2018,7482.06,7583.8,574,585,119.29,121.97,0.619,0.6339,1,1.0005
6/1/2018,7449,7482.06,572,574,116.79,119.29,0.6094,0.619,1.0002,1
5/31/2018,7381.2,7449,556.13,572,117.5,116.79,0.6016,0.6094,1.0001,1.0002
5/30/2018,7433.15,7381.2,563.6,556.13,118.6,117.5,0.5961,0.6016,1.0001,1.0001
5/29/2018,7225.5,7433.15,519.72,563.6,112.49,118.6,0.556,0.5961,0.998,1.0001
5/28/2018,7426.8,7225.5,575.95,519.72,119.03,112.49,0.6138,0.556,0.9988,0.998
5/27/2018,7415.18,7426.8,590,575.95,119.2,119.03,0.6147,0.6138,0.9987,0.9988
5/26/2018,7553.16,7415.18,591.1,590,119.98,119.2,0.6135,0.6147,0.9972,0.9987
5/25/2018,7586.7,7553.16,603.49,591.1,122.43,119.98,0.6249,0.6135,0.9993,0.9972
5/24/2018,7573.26,7586.7,585.7,603.49,120.07,122.43,0.5994,0.6249,0.9988,0.9993
5/23/2018,8073,7573.26,652.54,585.7,129.12,120.07,0.6478,0.5994,0.9998,0.9988
5/22/2018,8360.25,8073,695,652.54,134.12,129.12,0.6746,0.6478,0.9999,0.9998
5/21/2018,8470,8360.25,710.06,695,138.32,134.12,0.691,0.6746,0.9987,0.9999
5/20/2018,8199,8470,691.46,710.06,133.69,138.32,0.6718,0.691,0.9987,0.9987
5/19/2018,8197.77,8199,688.99,691.46,134.56,133.69,0.6707,0.6718,0.9987,0.9987
5/18/2018,8125.73,8197.77,672.03,688.99,133.1,134.56,0.6646,0.6707,0.9983,0.9987
5/17/2018,8308.84,8125.73,702.2,672.03,138.73,133.1,0.7049,0.6646,0.9999,0.9983
5/16/2018,8431.17,8308.84,704.06,702.2,139.25,138.73,0.6937,0.7049,0.9983,0.9999
5/15/2018,8581.6,8431.17,718.9,704.06,146.12,139.25,0.7241,0.6937,0.9989,0.9983
5/14/2018,8762.3,8581.6,736.5,718.9,146.4,146.12,0.7381,0.7241,0.9998,0.9989
5/13/2018,8608,8762.3,691.08,736.5,143.1,146.4,0.6932,0.7381,0.9996,0.9998
5/12/2018,8581.81,8608,689.57,691.08,139.17,143.1,0.69,0.6932,0.9998,0.9996
5/11/2018,9073.25,8581.81,729.43,689.57,149.16,139.17,0.757,0.69,0.9988,0.9998
5/10/2018,9293.43,9073.25,744.83,729.43,156.02,149.16,0.795,0.757,0.9983,0.9988
5/9/2018,9220,9293.43,748.63,744.83,160.17,156.02,0.8126,0.795,1.0002,0.9983
5/8/2018,9412,9220,757.94,748.63,165.62,160.17,0.8317,0.8126,0.9998,1.0002
5/7/2018,9560,9412,786,757.94,170.85,165.62,0.86,0.8317,0.9979,0.9998
5/6/2018,9579.1,9560,795.02,786,173.36,170.85,0.8807,0.86,1.0007,0.9979
5/5/2018,9482.2,9579.1,767.93,795.02,165.9,173.36,0.8738,0.8807,1.0011,1.0007
5/4/2018,9494.55,9482.2,758.31,767.93,157.79,165.9,0.859,0.8738,1,1.0011
5/3/2018,9164,9494.55,680.36,758.31,150.48,157.79,0.8491,0.859,0.9999,1
5/2/2018,9048,9164,667.74,680.36,147.8,150.48,0.8307,0.8491,1,0.9999
5/1/2018,9291.05,9048,669.7,667.74,149.46,147.8,0.8356,0.8307,1.0001,1
4/30/2018,9359.23,9291.05,685.02,669.7,152.62,149.46,0.8644,0.8356,0.9992,1.0001
4/29/2018,9271,9359.23,676.58,685.02,150.87,152.62,0.8579,0.8644,0.999,0.9992
4/28/2018,8822,9271,635,676.58,143.21,150.87,0.7985,0.8579,1,0.999
4/27/2018,9199.01,8822,657.02,635,153.01,143.21,0.8437,0.7985,1.0001,1
4/26/2018,8825,9199.01,613.48,657.02,144.45,153.01,0.79,0.8437,0.999,1.0001
4/25/2018,9555,8825,698.01,613.48,163.3,144.45,0.9141,0.79,0.9937,0.999
4/24/2018,8870.01,9555,640,698.01,151.1,163.3,0.86,0.9141,0.993,0.9937
4/23/2018,8807,8870.01,622.42,640,148.32,151.1,0.8663,0.86,0.9982,0.993
4/22/2018,8850,8807,601.79,622.42,147.52,148.32,0.865,0.8663,0.9965,0.9982
4/21/2018,8693.9,8850,606.92,601.79,153.56,147.52,0.9034,0.865,0.9996,0.9965
4/20/2018,8272,8693.9,566.71,606.92,146.69,153.56,0.78,0.9034,1.001,0.9996
4/19/2018,8117.96,8272,521.01,566.71,139.42,146.69,0.71,0.78,1.0002,1.001
4/18/2018,7989.1,8117.96,508.03,521.01,134.37,139.42,0.6666,0.71,1.001,1.0002
4/17/2018,8099.19,7989.1,515.17,508.03,129.29,134.37,0.6679,0.6666,1.0005,1.001
4/16/2018,8343,8099.19,530,515.17,131.93,129.29,0.6899,0.6679,1.0009,1.0005
4/15/2018,8027.02,8343,501.01,530,126.33,131.93,0.6417,0.6899,1.0004,1.0009
4/14/2018,7939.94,8027.02,495.73,501.01,126.89,126.33,0.6452,0.6417,1.0005,1.0004
4/13/2018,7903.5,7939.94,495,495.73,129.42,126.89,0.64,0.6452,1.0018,1.0005
4/12/2018,6970.72,7903.5,430.81,495,118.4,129.42,0.546,0.64,1.0023,1.0017
4/11/2018,6952.56,6970.72,420.21,430.81,116.28,118.4,0.5,0.546,1.0034,1.0023
4/10/2018,6920,6952.56,406.5,420.21,118.17,116.28,0.495,0.5,1.0004,1.0034
4/9/2018,7054.1,6920,403.03,406.5,118.05,118.17,0.5022,0.495,1.0024,1.0004
4/8/2018,6982,7054.1,391.87,403.03,117.53,118.05,0.4932,0.5022,0.9998,1.0024
4/7/2018,6800.31,6982,378.13,391.87,116.53,117.53,0.4875,0.4932,0.9996,0.9998
4/6/2018,6976.9,6800.31,389.27,378.13,123.37,116.53,0.4995,0.4875,0.999,0.9996
4/5/2018,6948.07,6976.9,388.06,389.27,121.11,123.37,0.5057,0.4995,0.9997,0.999
4/4/2018,7539.94,6948.07,421.41,388.06,135.65,121.11,0.554,0.5057,1.0002,0.9997
4/3/2018,7184.67,7539.94,391.02,421.41,121.07,135.65,0.5048,0.554,1.0002,1.0003
4/2/2018,7039.94,7184.67,388.5,391.02,118.59,121.07,0.496,0.5048,1,1.0002
4/1/2018,7158.97,7039.94,408.33,388.5,120.28,118.59,0.5185,0.496,0.9991,1
3/31/2018,7145,7158.97,410.77,408.33,123.22,120.28,0.519,0.5185,0.9995,0.9991
3/30/2018,7385.31,7145,400.01,410.77,119.01,123.22,0.5249,0.519,0.9999,0.9995
3/29/2018,8240.2,7385.31,462.87,400.01,136.86,119.01,0.5963,0.5249,0.9987,0.9999
3/28/2018,8167,8240.2,470.44,462.87,141.8,136.86,0.598,0.5963,0.9977,0.9987
3/27/2018,8450,8167,506.38,470.44,154.45,141.8,0.6147,0.598,1.0012,0.9977
3/26/2018,8733.95,8450,539.98,506.38,165.71,154.45,0.6551,0.6147,0.9999,1.0012
3/25/2018,8788.9,8733.95,536.83,539.98,163.74,165.71,0.6546,0.6551,0.9991,0.9999
3/24/2018,9080,8788.9,552.98,536.83,171.73,163.74,0.6543,0.6546,0.9996,0.9991
3/23/2018,8900,9080,553.15,552.98,168.93,171.73,0.666,0.6543,1,0.9996
3/22/2018,9050,8900,572.47,553.15,170.76,168.93,0.6911,0.666,0.9996,1
3/21/2018,9149.27,9050,574,572.47,173.39,170.76,0.721,0.6911,0.9999,0.9996
3/20/2018,8768.3,9149.27,565.75,574,164.18,173.39,0.735,0.721,0.9972,0.9999
3/19/2018,8320,8768.3,548.3,565.75,155,164.18,0.66,0.735,0.995,0.9972
3/18/2018,8077.1,8320,565.91,548.3,156,155,0.6432,0.66,0.9974,0.995
3/17/2018,8488.65,8077.1,614.15,565.91,168.21,156,0.7,0.6432,0.9996,0.9974
3/16/2018,8464,8488.65,623.28,614.15,168.38,168.21,0.7044,0.7,1.0005,0.9996
3/15/2018,8828.65,8464,651,623.28,171.24,168.38,0.7342,0.7044,1.001,1.0005
3/14/2018,9570,8828.65,721.28,651,184.24,171.24,0.8141,0.7342,1.0006,1.001
3/13/2018,9500.1,9570,724.24,721.28,186,184.24,0.8196,0.8141,1.0009,1.0006
3/12/2018,9788.42,9500.1,739.08,724.24,192,186,0.84,0.8196,1.0001,1.0009
3/11/2018,9110.22,9788.42,709.06,739.08,184.56,192,0.8093,0.84,1.0003,1.0001
3/10/2018,9504,9110.22,745,709.06,191.79,184.56,0.8469,0.8093,1.0007,1.0003
3/9/2018,9855,9504,741,745,185.68,191.79,0.8574,0.8469,1.0013,1.0007
3/8/2018,10390.69,9855,786.1,741,193.7,185.68,0.896,0.8574,1,1.0013
3/7/2018,10942.15,10390.69,836.18,786.1,201.26,193.7,0.9269,0.896,0.9969,1
3/6/2018,11550,10942.15,855.11,836.18,213.4,201.26,0.9611,0.9269,1.001,0.9969
3/5/2018,11583,11550,870,855.11,214.12,213.4,0.9974,0.9611,1,1.001
3/4/2018,11678,11583,872,870,215.61,214.12,0.9188,0.9974,0.9994,1
3/3/2018,11240,11678,871.44,872,216.3,215.61,0.9176,0.9188,0.9984,0.9994
3/2/2018,11070,11240,883.39,871.44,214.1,216.3,0.9356,0.9176,1.0008,0.9984
3/1/2018,10728,11070,882,883.39,210.77,214.1,0.9261,0.9356,0.9999,1.0008
2/28/2018,10887.89,10728,892.86,882,221.5,210.77,0.9573,0.9261,1.0008,0.9999
2/27/2018,10574,10887.89,890.76,892.86,225.96,221.5,0.956,0.9573,1.0017,1.0008
2/26/2018,9994,10574,874,890.76,226.73,225.96,0.9417,0.956,1.0014,1.0017
2/25/2018,10190,9994,872.97,874,215.42,226.73,0.9441,0.9417,1.0011,1.0014
2/24/2018,10591,10190,885,872.97,215.01,215.42,0.9755,0.9441,1.0012,1.0011
2/23/2018,10266,10591,835.78,885,200,215.01,0.9241,0.9755,1.0002,1.0012
2/22/2018,10880,10266,864.85,835.78,217,200,0.9891,0.9241,1,1.0002
2/21/2018,11758,10880,922.1,864.85,239.02,217,1.07,0.9891,1,0.9997
2/20/2018,11265,11758,953.2,922.1,224.66,239.02,1.13,1.07,0.9991,1
2/19/2018,10761,11265,939.12,953.2,220.5,224.66,1.11,1.13,0.9991,0.9996
2/18/2018,11215,10761,985,939.12,233.2,220.5,1.19,1.11,0.9998,0.9991
2/17/2018,10290,11215,951,985,233.04,233.2,1.13,1.19,0.9999,0.9998
2/16/2018,10219.31,10290,947,951,228,233.04,1.13,1.13,1.0011,0.9999
2/15/2018,9497.99,10219.31,923.1,947,213.35,228,1.14,1.13,1.0005,1.0011
2/14/2018,8832.74,9497.99,865.19,923.1,163.39,213.35,1.02,1.14,1.0008,1.0005
2/13/2018,8975.69,8832.74,877.65,865.19,163.5,163.39,1.06,1.02,1.0012,1.0008
2/12/2018,8360,8975.69,836.67,877.65,154.92,163.5,0.9902,1.06,1.0001,1.0012
2/11/2018,8863.4,8360,880.4,836.67,161.17,154.92,1.07,0.9902,1.0008,1.0001
2/10/2018,8730,8863.4,877.7,880.4,163.83,161.17,0.92,1.07,1.002,1.0008
2/9/2018,8545.17,8730,848,877.7,154.25,163.83,0.8011,0.92,1.0012,1.002
2/8/2018,8060.12,8545.17,807.67,848,146.3,154.25,0.761,0.8011,1.002,1.0012
2/7/2018,7949.99,8060.12,810,807.67,146.5,146.3,0.79,0.761,1.0048,1.002
2/6/2018,7756.32,7949.99,785,810,140.3,146.5,0.7686,0.79,1.0047,1.0048
2/5/2018,9050,7756.32,911.8,785,162.12,140.3,0.9,0.7686,1.0021,1.0047
2/4/2018,9780.05,9050,1034.98,911.8,169.6,162.12,1.02,0.9,1.0031,1.0027
2/3/2018,9542.82,9780.05,997,1034.98,141.07,169.6,0.9622,1.02,1.0008,1.0031
2/2/2018,8901.5,9542.82,1000,997,137.57,141.07,0.9224,0.9622,1,1.0008
2/1/2018,10660,8901.5,1164.1,1002,170,137.57,1.18,0.93,0.9992,1
1/31/2018,10970.53,10660,1165.63,1164.1,178.26,170,1.22,1.18,0.9997,0.9992
1/30/2018,11876.12,10970.53,1238.04,1165.63,191,178.26,1.35,1.22,1.0004,0.9997
1/29/2018,12098.4,11876.12,1269,1238.04,200.24,191,1.4,1.35,1.0011,1.0004
1/28/2018,12052.81,12098.4,1173,1269,190.88,200.24,1.28,1.4,0.9975,1.0011
1/27/2018,11968.99,12052.81,1127,1173,187.96,190.88,1.32,1.28,0.9986,0.9975
1/26/2018,12030.06,11968.99,1134,1127,193,187.96,1.41,1.32,1.0003,0.9986
1/25/2018,12152,12030.06,1135,1134,193.56,193,1.45,1.41,0.9842,1.0003
1/24/2018,11670,12152,1057,1135,190.44,193.56,1.44,1.45,0.9914,0.9842
1/23/2018,11968.35,11670,1101.9,1057,198.87,190.44,1.47,1.44,0.9916,0.9914
1/22/2018,12805,11968.35,1153.01,1101.9,210.2,198.87,1.53,1.47,0.9883,0.9916
1/21/2018,14002.1,12805,1260.33,1153.01,229.06,210.2,1.72,1.53,0.9794,0.9883
1/20/2018,12925,14002.1,1167.01,1260.33,214.06,229.06,1.71,1.72,0.985,0.9794
1/19/2018,12814.5,12925,1156.81,1167.01,215.22,214.06,1.75,1.71,0.9803,0.985
1/18/2018,12818.7,12814.5,1177,1156.81,217.09,215.22,1.48,1.75,0.9913,0.9803
1/17/2018,12873.34,12818.7,1200,1177,212,217.09,1.37,1.48,0.9795,0.9913
1/16/2018,14967,12873.34,1409.77,1200,256.38,212,1.86,1.37,0.995,0.9795
1/15/2018,14989.27,14967,1484.08,1409.77,261.92,256.38,2.03,1.86,1.0004,0.995
1/14/2018,15246.5,14989.27,1492.5,1484.08,271.97,261.92,2.14,2.03,1.0028,1.0004
1/13/2018,15295,15246.5,1398.95,1492.5,259.11,271.97,2.23,2.14,1.0036,1.0028
1/12/2018,15049.98,15295,1280,1398.95,257.87,259.11,2.17,2.23,1.003,1.0036
1/11/2018,16200,15049.98,1364.51,1280,268.66,257.87,2.15,2.17,1.0093,1.003
1/10/2018,15600,16200,1387.76,1364.51,267.4,268.66,2.36,2.15,1.0068,1.0093
1/9/2018,16345,15600,1250,1387.76,277.24,267.4,2.67,2.36,1.0122,1.0068
1/8/2018,17170,16345,1174.32,1250,289,277.24,2.93,2.67,1.0174,1.0122
1/7/2018,18000,17170,1054.94,1174.32,296.27,289,2.85,2.93,1.0235,1.0174
1/6/2018,18037,18000,1027,1054.94,258.53,296.27,2.72,2.85,1.0126,1.0235
1/5/2018,15650,18037,976.81,1027,246.98,258.53,3.02,2.72,1.03,1.0126
1/4/2018,15300.01,15650,954.9,976.81,245.17,246.98,2.77,3.02,1.0034,1.03
1/3/2018,15159.13,15300.01,886.5,954.9,258.92,245.17,2.27,2.77,1.0082,1.0034
1/2/2018,14278.49,15159.13,802.05,886.5,239,258.92,2.15,2.27,1.01,1.0082
1/1/2018,14750,14278.49,786.51,802.05,241.69,239,2.13,2.15,1.017,1.01
12/31/2017,13890,14750,755,786.51,233.97,241.69,2.13,2.13,1,0.9942
12/30/2017,15135,13890,764.68,755,254.45,233.97,2.09,2.13,1.01,1
12/29/2017,15350,15135,763.2,764.68,264,254.45,1.38,2.09,1,1.01
12/28/2017,16110.56,15350,773,763.2,278.21,264,1.31,1.38,0.997,1
12/27/2017,16248.3,16110.56,774,773,288.88,278.21,1.13,1.31,1,0.997
12/26/2017,14310.12,16248.3,748.48,774,280.5,288.88,1.03,1.13,1,1
12/25/2017,14062,14310.12,685,748.48,273.81,280.5,1.03,1.03,1.02,1
12/24/2017,14855,14062,715.78,685,282.2,273.81,1.07,1.03,1.01,1.02
12/23/2017,13842.75,14855,659.88,715.78,260.93,282.2,1.05,1.07,1.02,1.01
12/22/2017,15340,13842.75,776.22,659.88,301.95,260.93,1.09,1.05,1.01,1.02
12/21/2017,16582,15340,796,776.22,310.52,301.95,0.715,1.09,1.02,1.01
12/20/2017,17837.45,16582,817,796,345.2,310.52,0.7538,0.715,1.02,1.02
12/19/2017,18719.94,17837.45,778,817,349,345.2,0.7511,0.7538,1.02,1.02
12/18/2017,19250,18719.94,723.96,778,321.06,349,0.7313,0.7511,1.02,1.02
12/17/2017,19300,19250,688.21,723.96,295,321.06,0.747,0.7313,1.01,1.02
12/16/2017,17649.91,19300,680.99,688.21,298.69,295,0.7509,0.747,1,1.01
12/15/2017,16371.48,17649.91,688.51,680.99,274.3,298.69,0.8835,0.7509,1.01,1
12/14/2017,16288.72,16371.48,691.54,688.51,297.1,274.3,0.474,0.8835,1.02,1.01
12/13/2017,16425.24,16288.72,611,691.54,283.31,297.1,0.391,0.474,1.03,1.02
12/12/2017,16435,16425.24,494.65,611,208.91,283.31,0.2456,0.391,1.03,1.03
12/11/2017,15339.9,16435,442.84,494.65,148.04,208.91,0.2353,0.2456,0.995,1.03
12/10/2017,14930,15339.9,467.12,442.84,149.89,148.04,0.242,0.2353,0.9945,0.995
12/9/2017,16035.1,14930,443.33,467.12,120.7,149.89,0.2392,0.242,1.01,0.9945
12/8/2017,17000,16035.1,421.1,443.33,95.66,120.7,0.211,0.2392,0.9985,1.01
12/7/2017,14055,17000,430,421.1,99.9,95.66,0.2233,0.211,0.9958,0.9985
12/6/2017,11788.2,14055,459.69,430,101.3,99.9,0.239,0.2233,1.01,0.9958
12/5/2017,11490,11788.2,462.6,459.69,101.89,101.3,0.2474,0.239,1,1.01
12/4/2017,11188.26,11490,460.02,462.6,100.2,101.89,0.2447,0.2474,1,1
12/3/2017,10889,11188.26,453.75,460.02,98.08,100.2,0.2446,0.2447,1,1
12/2/2017,10640.72,10889,452.03,453.75,95.19,98.08,0.2445,0.2446,1.02,1
12/1/2017,10020,10640.72,433.04,452.03,87.5,95.19,0.236,0.2445,1.01,1.02
11/30/2017,9838,10020,426.56,433.04,81.5,87.5,0.2396,0.236,1,1.01
11/29/2017,9905.2,9838,462,426.56,92.5,81.5,0.275,0.2396,1,1
11/28/2017,9518.52,9905.2,465.15,462,88.18,92.5,0.2436,0.275,1.01,1
11/27/2017,9068.11,9518.52,458,465.15,83.9,88.18,0.2426,0.2436,1.01,1.01
11/26/2017,8570.23,9068.11,455.5,458,86.1,83.9,0.2437,0.2426,1.01,1.01
11/25/2017,8085.05,8570.23,460,455.5,76,86.1,0.2375,0.2437,1,1.01
11/24/2017,8033,8085.05,407.15,460,73,76,0.2419,0.2375,1,1
11/23/2017,8120.05,8033,372.82,407.15,70.63,73,0.2371,0.2419,0.9977,1
11/22/2017,8110,8120.05,358.52,372.82,70.15,70.63,0.2329,0.2371,0.9959,0.9977
11/21/2017,8009.37,8110,356,358.52,70,70.09,0.2359,0.2329,1.01,0.9959
11/20/2017,7819.58,8009.37,345.49,356,69.06,70,0.2281,0.2359,1.01,1.01
11/19/2017,7626.82,7819.58,338.5,345.49,68,69.06,0.2243,0.2281,0.9988,1.01
11/18/2017,7602,7626.82,325.26,338.5,66.25,68,0.2218,0.2243,0.9924,0.9988
11/17/2017,7601.01,7602,321.17,325.26,68,66.25,0.2223,0.2218,0.9978,0.9924
11/16/2017,7229.9,7601.01,329.31,321.17,62.74,68,0.2077,0.2223,0.9961,0.9978
11/15/2017,6613.1,7229.9,336.8,329.31,62.54,62.74,0.2061,0.2077,0.997,0.9961
11/14/2017,6560,6613.1,315.19,336.8,61.04,62.6,0.2012,0.2061,0.991,0.997
11/13/2017,5909.34,6560,306.29,315.19,58.58,61.04,0.194,0.2012,0.995,0.991
11/12/2017,6345.13,5909.34,313.85,306.29,62.59,58.58,0.2085,0.194,0.9985,0.995
11/11/2017,6655.52,6345.13,297.45,313.85,59.26,62.59,0.207,0.2085,0.9807,0.9985
11/10/2017,7053.06,6655.52,315.5,297.45,63.71,59.26,0.2164,0.207,0.9947,0.9807
11/9/2017,7358.77,7053.06,301.94,315.5,61.2,63.71,0.2123,0.2164,0.9943,0.9947
11/8/2017,7053.2,7358.77,291.64,301.94,60.1,61.2,0.2028,0.2123,0.9987,0.9943
11/7/2017,6998.01,7053.2,296.97,291.64,54.95,60.1,0.203,0.2028,1,0.9987
11/6/2017,7394.97,6998.01,293.87,296.97,53.81,54.95,0.2007,0.203,0.985,1
11/5/2017,7235,7394.97,293.82,293.87,53.85,53.81,0.1991,0.2007,1,0.985
11/4/2017,7101.21,7235,298.8,293.82,55,53.85,0.2055,0.1991,1.01,1
11/3/2017,7009.98,7101.21,285.09,298.8,53.93,55,0.201,0.2055,1.01,1.01
11/2/2017,6670,7009.98,289.35,285.09,52.67,53.93,0.1891,0.201,1,1.01
11/1/2017,6305,6670,299.11,289.35,54.73,52.67,0.1958,0.1891,1.01,1
10/31/2017,6024.94,6305,299.9,299.11,55.44,54.73,0.1994,0.1958,1,1.01
10/30/2017,5970,6024.94,295,299.9,55.17,55.44,0.1976,0.1994,1.01,1
10/29/2017,5716.58,5970,292.5,295,54.66,55.17,0.1998,0.1976,1.01,1.01
10/28/2017,5748.8,5716.58,295,292.5,54.8,54.66,0.2,0.1998,1,1.01
10/27/2017,5845.63,5748.8,291.21,295,54.8,54.8,0.199,0.2,1,1
10/26/2017,5678.49,5845.63,295.69,291.21,55.16,54.8,0.2015,0.199,1,1
10/25/2017,5499.1,5678.49,297.58,295.69,55.85,55.16,0.2061,0.2015,1,1
10/24/2017,5750,5499.1,282.07,297.58,53.78,55.85,0.1914,0.2061,1,1
10/23/2017,5884.74,5750,291.09,282.07,55.81,53.78,0.2007,0.1914,1,1
10/22/2017,5913.2,5884.74,293.44,291.09,56.67,55.81,0.2033,0.2007,1,1
10/21/2017,5790.01,5913.2,294.59,293.44,58.39,56.67,0.203,0.2033,0.9999,1
10/20/2017,5610,5790.01,304.78,294.59,58.96,58.39,0.2132,0.203,1,0.9999
10/19/2017,5493,5610,308.2,304.78,59.59,58.96,0.2169,0.2132,1,1
10/18/2017,5473.2,5493,308.51,308.2,57.68,59.59,0.2262,0.2169,1,1
10/17/2017,5481,5473.2,320.51,308.51,62.01,57.68,0.2494,0.2262,1.01,1
10/16/2017,5410.45,5481,321.81,320.51,62.79,62.01,0.254,0.2494,1,1.01
10/15/2017,5510,5410.45,321.02,321.81,60.3,62.79,0.2448,0.254,1,1
10/14/2017,5365.01,5510,323.03,321.02,56.25,60.3,0.2472,0.2448,1,1
10/13/2017,5209.44,5365.01,294.47,323.03,56.7,56.25,0.2467,0.2472,1,1
10/12/2017,4734.8,5209.44,296.82,294.47,49.84,56.7,0.2604,0.2467,1,1
10/11/2017,4731.57,4734.8,297.07,296.82,50.1,49.84,0.2582,0.2604,0.999,1
10/10/2017,4745.69,4731.57,294,297.07,49.61,50.1,0.2533,0.2582,0.9994,0.999
10/9/2017,4545,4745.69,305.34,294,52.75,49.61,0.276,0.2533,0.9999,0.9994
10/8/2017,4366.36,4545,307,305.34,51.63,52.75,0.24,0.276,1,0.9999
10/7/2017,4315,4366.36,303.34,307,51.6,51.63,0.2351,0.24,1,1
10/6/2017,4291.11,4315,293.65,303.34,51.2,51.6,0.238,0.2351,0.9924,1
10/5/2017,4211,4291.11,290.92,293.65,51.38,51.2,0.2151,0.238,0.9992,0.9924
10/4/2017,4276.48,4211,289.15,290.92,51.74,51.38,0.205,0.2151,0.9958,0.9992
10/3/2017,4360,4276.48,294.69,289.15,53.2,51.74,0.204,0.205,0.9945,0.9958
